sonic-pi-taster-old	false	[NOT MAINTAINED] Learn how to program music with Sonic Pi on the Raspberry Pi
cress-egg-heads	false	Time lapse photography with the Raspberry Pi Camera Board
getting-started-with-minecraft-pi	true	Getting started with Minecraft Pi activity
robot-antenna	true	Create and program a robot antenna flashing LED
burping-jelly-baby	true	Make a Jelly Baby burp by pressing it!
sweet-shop-reaction-game	true	Create and program a reaction game using sweets/candy as a button
demo-programs	true	How to run the hello_pi demo programs on Raspbian
cambridgegcsecomputing	false	[NOT MAINTAINED] Cambridge GCSE Computing MOOC support material
python-for-vb-programmers	true	A Python introduction for Visual Basic programmers
python-quick-reaction-game	false	Make a quick reaction game in Python with some simple electronics and your Raspberry Pi
parent-detector	false	How to use a Raspberry Pi to detect who's been in your room
infrared-bird-box	false	A bird box with the Pi NoIR Camera Module
piglow	false	[NOT MAINTAINED] Make your PiGlow do cool stuff!
python-picamera-setup	true	Get started with the Python picamera library and set up a hardware button to take a picture
python-intro	false	A set of Python exercises led by hints in comments - suitable for beginner / intermediate level
sonic-pi-lessons	false	Scheme of work for teaching computing concepts using music programming application Sonic Pi
coder-html-css-lessons	false	Google Coder is is a free, open source project that turns a Raspberry Pi into a simple platform that educators and parents can use to teach the basics of building for the web. New coders can craft small projects in HTML, CSS, and Javascript, right from the web browser. This is a scheme of work that teaches some basic html and css through creating a website with Google Coder.
timelapse-setup	true	How to set up a time-lapse with a Raspberry Pi using the camera module
turing-test-lessons	false	This scheme of work has been designed as an introduction to text based programming using Python on the Raspberry Pi. By the end of all the lessons students will have created an interactive chat bot and have been introduced to the computer science concept of artificial intelligence. 
storytime	false	This beginner tutorial allows you to tell a story with code. It demonstrates the simple use of if/else statements to evaluate user input that generates a cute fairy story.
lamp-web-server-with-wordpress	false	Set up a LAMP (Linux, Apache, MySQL & PHP) web server on your Raspberry Pi, then download and configure a WordPress site.
webcam-timelapse-setup	false	How to set up a time-lapse with a Raspberry Pi using a standard USB webcam
pygame-paintme	false	How to make a pygame drawing app
networking-lessons	true	Networking scheme of work for the Raspberry Pi
pibrella-intro	false	[NOT MAINTAINED] Learn how to get started with a Pibrella and Python
getting-started-with-raspberry-pi-lesson	false	A lesson plan designed to teach students how to get started with Raspberry Pi at any level
hamster-party-cam	true	Want to know what your hamsters get up to while you are sleeping? Then make this project! (Will work for other nocturnal pets too!) 
push-button-stop-motion	false	Make your own stop motion animation video using Python and GPIO Zero
getting-started-with-mathematica	false	Getting started with Mathematica and the Wolfram language on Raspberry Pi
getting-started-with-scratch	true	Getting started with Scratch on Raspberry Pi
creating-resources	true	Guides to creating and submitting learning resources for Raspberry Pi
getting-started-with-sonic-pi	true	Learn how to code music with Sonic Pi
morse-code-virtual-radio	true	Learn morse code for the centenary of World War I
grandpa-scarer	true	Toy spider in a box which opens at the press of a remote button to drop the spider on whatever’s underneath it, while emitting spooky noises.
fart-detector	true	Bust people for farting with your Raspberry Pi
python-web-server-with-flask	false	Build a web server with Python on Rapsberry Pi
build-first-robot	false	[NOT MAINTAINED] Do you want to get started with robotics, but you're not sure how? Start here with our guide to building a very simple Raspberry Pi bot!
sensing-the-weather	true	A series of cross curricular lessons exploring measuring, collecting and analysing weather data in order to predict the weather
sonic-pi-competition-2014	false	Lesson plans for the Sonic Pi Competition 2014
robo-butler	true	Build a Wiimote controlled robot as seen in the Raspberry Pi physical computing animation!
teachers-classroom-guide	false	[NOT MAINTAINED] A guide for using Raspberry Pi in the classroom. 
temperature-log	true	Take temperature measurements from the Raspberry Pi's CPU at given intervals and log the data
spinning-flower-wheel	true	Create a digital landscape with your Raspberry Pi by making an electronic garden of spinning flowers, pinwheels and even some bees! Who said gardening was difficult?
learn-ballet-with-raspberry-pi	false	Learn Ballet with the Raspberry Pi
deploy-resources	false	List of live and staging resources to be deployed to raspberrypi.org
tweeting-babbage	false	Make a Babbage Bear that takes photos and sends tweets!
learn-sonification-with-sonic-pi	false	Listen to the weather using Sonic Pi and data from Mathematica
kids-ruby-quiz	true	Make your own quiz game with Kids Ruby and your Raspberry Pi
gpio-music-box	false	Wire up a series of buttons that play particular sounds when pressed
sorting-hat-lesson	true	In this lesson, students will create a Raspberry Pi-powered Harry Potter style sorting hat. Students will also learn how to connect a Pibrella and program it to control the sorting hat
turtle-snowflakes	false	Draw snowflakes with code using Python Turtle
santa-detector	false	Use Scratch and an infrared detector to spot Santa
minecraft-whac-a-block-game	false	Create a "Whac-a-Block" game in Minecraft: Pi Edition
babbage-lights-n-sounds	false	Simon Says kit for Raspberry Pi 
make-learn-resource-template	false	New resource template for learn/make resources
teach-resource-template	false	New resource template for teach resources 
components	false	Repository of components used in Raspberry Pi learning resources
balloon-pi-tay-popper	false	To pop balloons you might usually use a pin. Here you’ll be doing the same, but using a GPIO ‘Pin’ on your Raspberry Pi, not the pin you might be thinking of!
sonic-pi-comp-finalists	false	The Sonic Pi Competition 2014/2015 Finalists
guides	true	[NOT MAINTAINED] Helpful step by step guides on a variety of Raspberry Pi topics
getting-started-with-the-sense-hat	false	A Learn Resource for the Sense HAT
astro-pi-guide	false	A guide to using the Sense HAT
python-style-guide	false	Guidelines for writing Python code in learning resources
minecraft-photobooth	true	Build a photobooth out of blocks in Minecraft, and program it to take a picture of you (in real life) when you walk into it
magic-8-ball	true	Build your own Magic 8 Ball to reach into the future to find answers to your questions. 
sense-hat-minecraft-map	false	Make a Minecraft Map with the Sense HAT
sense-hat-data-logger	false	Build your own data logging device
astronaut-reaction-times	false	Create a Scratch game to test a player's reaction time and compare it to distance travelled by the International Space Station. 
gravity-simulator	true	Recreate the effects of the forces of gravity on Mooncake the Raspberry Pi Foundation's cat. 
weather-station-guide	false	Instructions and tutorials on how to set up the Raspberry Pi weather station
sense-hat-pong	true	One-player Pong using the Sense HAT
pixel-pet	false	Make an interactive space pet with your Raspberry Pi and a Sense HAT. 
weightlessness	true	Simulate the effects of weightlessness in Space with this Scratch game
noobs-install	true	Cross platform resource to teach how to install Raspbian with NOOBS
physical-computing-guide	true	[REDIRECT ONLY] A guide to physical computing on the Raspberry Pi 
introduction-to-processing	true	Learn how to create graphics with code in Processing
getting-started-with-gpio-zero	true	A resource to teach the fundamentals of the GPIO Zero library
physical-computing-with-scratch	false	An introduction to using Scratch with the Raspberry Pi GPIO pins
visualising-sorting-with-python	true	A series of lessons using matplotlib to visualise sorting algorithms
people-in-space-indicator	false	Use the Python requests module to access the People in Space API and create an indicator to show the number of people currently in space.
n-days-of-christmas	true	Resource to produce a version of The Twelve Days of Christmas in Python3, with random nouns and verbs for N days.
sense-hat-random-sparkles	false	Let your Sense HAT shine with pride
3d-printed-astro-pi-flight-case	false	How to 3D print your very own Astro Pi flight case
sensing-science	true	Science resources for KS3/KS4
laser-tripwire	false	Testing new resource style
see-like-a-bat	true	Echolocation with a Raspberry Pi 
exploring-space-with-minecraft	true	Using Minecraft & Astro Pi to explore space 
edu-image	false	Script to customise a raspbian install for education team
secret-agent-chat	true	A resource on using One-time pads to encrypt and decrypt secret messages in Python
dress-for-the-weather	true	A resource to write a program that tells the user what they should wear, if travelling to any city in the world.
camjam-kit-1	false	Get started with CamJam Edu Kit 1 using Python and GPIO Zero
getting-started-with-python	false	Get started with basic Python on Raspberry Pi
window-on-the-weather	true	Create a magic window in Scratch so you can see what the weather is like, anywhere in the world
getting-started-with-picamera	false	Get started with the Raspberry Pi Camera Module using Python and the picamera library
physical-computing-with-python	true	A resource to teach the basics of physical computing with the Raspberry Pi
getting-started-with-microbit	true	A resource to set up and program the microbit from the Raspberry pi using mu and micropython
microbit-selfies	true	Build a microbit controlled selfie booth with Raspberry Pi
microbit-game-controller	true	Use a micro:bit to control a sprite in Scratch
assets	false	Reusable assets used in resources
microbit-meteorologist	true	Forecast the weather with your micro:bit
quick-start-guide	false	Help getting your Raspberry Pi set up and started for the first time. Great for anyone new to Raspberry Pi.
hardware-guide	true	Setting up the hardware for a Raspberry Pi
software-guide	true	Installing and using Raspbian on the Raspberry Pi
getting-started-with-the-twitter-api	true	A guide to connecting to Twitter from Python using Twython
teachers-guide	false	Guide for using Raspberry Pis in the classroom
parents-guide	false	Guide to using the Raspberry Pi for parents
troubleshooting-guide	false	Frequently Asked Questions about the Raspberry Pi
addons-guide	false	A guide to using extras like HATs and the Case
explorer-hat-cheat-sheet	false	Quick cheat sheet for the ExplorerHAT Pro
scratch-olympics-weightlifter	true	Make a retro weightlifter game in Scratch
scratch-olympics-hurdler	true	hurdle game in Scratch
minecraft-selfies	true	Render selfies in minecraft blocks
whoopi-cushion	false	Make a Raspberry Pi Whoo-pi cushion
scary-spot-the-difference	false	Play a prank on your friends and family, by tricking them into thinking they're playing a Spot the Difference game
pyconuk_2016	false	Code and projects for PyConUk 2016
micromine-bitcraft	true	Learn how to use your micro:bit to help (or sabotage!) Steve in Minecraft Pi
picademy-cheat-sheets	false	Cheat Sheets to support Picademy
lights-out	true	A fast and furious game where you turn lights off
fetching-the-weather	true	Resource to fetch weather data from nearby weather stations
using-scratch2	true	Using Scratch 2.0 on Raspberry Pi
cat-meme-generator	true	Make cool cat memes to share with your friends
graphing-the-weather	true	Collect data from a database using a RESTful API, and then graph that data using matplotlib
mapping-the-weather	true	Resource to map the weather from the weather station database
weather-station-dashboard	false	A resource to access the weather-station database in Scratch
astro-pi-flight-case	true	3D printed Astro Pi flight case
jam-worksheets	false	Short worksheets for small activities for use at Raspberry Jams
space-maze	true	space themed maze game in Scratch 2.0
getting-started-with-wearables	true	A simple guide to getting started with an Adafruit FLORA
getting-started-with-node-red	true	A basic guide to using Node RED on the Raspberry Pi
talk-like-a-pirate	false	Turn your text into pirate speak using HTML and jQuery
raspberry-pi-zero-time-lapse-cam	true	A wearable timelapse camera using a Raspberry Pi Zero
the-all-seeing-pi	true	Create a tweeting touch screen photo booth
shakespearean-insult-generator	false	Insult your friends like an Elizabethan
build-a-robot-buggy	true	Resource to create a Raspberry Pi Robot Buggy
explorer-hat-buggy	false	Make a very simple buggy using a Raspberry Pi and an Explorer HAT
poo-near-you	true	Map open data onto Google maps to learn more about your local area
getting-started-with-guis	false	Create simple Python GUIs using guizero
getting-started-with-git	true	A guide to getting started with git
shapes	false	Code for a very simple shapes class for the OOP course 
using-pip-on-windows	false	Find out how to use pip to install Python packages on Windows
getting-started-with-soldering	false	Learn the basics of how to solder
octapi-setup	false	Set up files for the OctaPi
oop-course	false	Materials for the Futurelearn OOP course
CoderDojo-organiser-resources	false	Handbooks and other materials for organising a Dojo.
scouts-downloads	false	For downloadable Scouts content.
translation-glossary	false	Glossary of terms repeatedly used in Raspberry Pi projects and other resources. 
nttt	false	Nina's Translation Tidy-up Tool
monster-battle	false	Dev activity for OOP
scouts-graphics	false	A scouts activity to create sprites for a game
scouts-do-it-pass-it	false	micro:bit game - complete the action and pass it on
scouts-scratch	false	How to use scratch guide for scouts
fl_networking_tools	false	Repository for the Python module required for the Networking with Python: Programming sockets for communication course on FutureLearn from the Raspberry Pi Foundation
ILT_VS_Code_md_snippets	false	Markdown snippets for VS code
web-discover	false	Discover projects for the Web path
ada-code-samples	false	Code examples to support various Computer Science materials
programming101	true	Hosts code editor snippets for use in prog 101 online course
code-editor-test-pb	false	testing the Editor build process
uk_bebras_public	false	UK Bebras and Coding Challenge
bebras_private	false	For bebras documentation and public facing material
aaawysiwyg	false	Test wysiwyg repo edits
coding-standards	false	Raspberry Pi Foundation Learning Team Coding Standards
tcc-code-projects	false	Code editor HTML files for the TCC Rockstar activity
Pedagogy-Quick-Reads	false	Repository for Quick Read source content
visual-first-template	false	Template for visual first resources
sunset	false	Sunset
pico-probe	false	Raspberry Pi Pico Soil Moisture Probe
sock-puppet	false	Sock Puppet
friend-frame	false	Friend Frame
pico-tank-sensor	false	Tank Level Sensor
rainbow-maker	false	Rainbow maker
editor-astropi-iss-speed	false	editor-astropi-iss-speed
touch-free-tap	false	Touch Free Tap
editor-mz-guide	false	editor-mz-guide
time-to-make	false	Time to make 
bike-gloves	false	Bike gloves
recruiting-mentors	false	Recruiting mentors
editor-about-me	false	About me
editor-charting-champions	false	Editor charting champions
editor-secure-messages	false	Editor Secure messages
editor-encoded-art	false	Editor Encoded art
editor-modern-art	false	Editor Modern Art
editor-codebreaker	false	Editor codebreaker
editor-password-generator	false	Editor Password Generator
editor-astro-pi-mission-zero	false	Astro Pi: Mission Zero 
editor-colourful-creations	false	Editor colourful creations
editor-mapping-data	false	Editor Mapping data
editor-persuasive-data-presentation	false	Perusasive Data Presentation
editor-pixel-pet	false	Pixel Pet
make-a-selfie-filter	false	Make a selfie filter
editor-robo-trumps	false	Editor Robo Trumps
editor-powerful-patterns	false	Editor powerful patterns
editor-shakespearean-insult-generator	false	Editor Shakespearean insult generator
editor-scary-spot-the-difference	false	Editor Scary Spot the Difference (Python)
editor-sense-hat-random-sparkles	false	Editor Sense HAT Random Sparkles
editor-rock-paper-scissors	false	Editor rock, paper, scissors
editor-solar-system-simulator	false	Solar System Simulator
editor-rpg	false	Editor escape the maze
editor-turtle-snowflakes	false	Editor Turtle Snowflakes
editor-revolting-rhymes	false	Editor revolting rhymes
editor-team-chooser	false	Team Chooser 
hj-test-12-feb-2026	false	hj-test-12-feb-2026
crafty-critters	false	Crafty critters
editor-build-a-robot	false	Build a Robot 
editor-happy-birthday	false	Happy birthday 
patchwork_platformer	false	Patchwork Platformer
test-target-practice-staging	false	Test target practice staging
editor-test-target-practice-staging	false	editor-test-target-practice-staging
editor-cd-sebento-htmlcss-1	false	Editor bird watch website 1.0
editor-magazine	false	Magazine 
editor-mystery-letter	false	Mystery Letter 
editor-zorklike	false	Adventure Game
editor-flip-treat-webcards	false	Flip Treat Webcards 
editor-stickers	false	Stickers! 
editor-mood-board	false	Mood Board 
editor-sunrise	false	Sunrise 
editor-talk-like-a-pirate	false	Talk Like A Pirate! 
editor-top-5-emoji-list	false	Top 5 Emoji List 
editor-tell-a-story	false	Tell a Story 
editor-sell-me-something	false	Sell Me Something
editor-wanted	false	Wanted! 
editor-cd-sebento-htmlcss-2	false	Bird watch website 2.0 
editor-quiz-time	false	Quiz Time! 
editor-welcome-to-antarctica	false	Editor Welcome to Antarctica
editor-comic-character	false	Editor Comic Character
editor-cd-sebento-htmlcss-3	false	Bird watch website 3.0 
editor-share-your-world	false	Share Your World 
editor-pick-your-favourite	false	Editor Pick your favourite!
mad-murmurations	false	Mad Murmurations
neon-ribbon-composer	false	Neon Ribbon Composer
animate-a-thing	false	Animate a thing
catch-a-scoop	false	Catch a scoop
stop-a-thing	false	Stop A Thing
stamp-cannon	false	Stamp cannon!
bounce-a-thing	false	Bounce a thing
collide-a-thing	false	Collide a thing
grow-a-thing	false	Grow a thing
stop-this-thing	false	stop-this-thing
sound-box	false	Sound box
bug-hotel	false	Bug hotel
indieweb-goblin-alert-button	false	Web Alert Button
indieweb-hover-secret-message	false	Secret Message Hover
indieweb-loud-background-pattern	false	Retro Background
indieweb-silly-button-wall	false	Wall of Crazy Buttons
indieweb-forbidden-drawer	false	Forbidden Drawer
retro-arcade-marquee	false	Retro arcade marquee
solar-pico	false	Solar powered Raspberry Pi Pico webserver
pico-webserver	false	Raspberry Pi Pico webserver
pico-tunnel	false	Raspberry Pi Pico website with Cloudflare Tunnel
tiny-web-pet	false	Tiny web pet
unicorn-poop	false	Unicorn poop
word-magnet-studio	false	Word magnet studio
my-wavy-words	false	My wavy words
this-paragraph-is-lying	false	This paragraph is lying
patrick-all-blocks-test-2026-05-14	false	Patrick's test of all the blocks
wiggly-words	false	Wiggly words
scratch-integration-test	false	scratch-integration-test
branching-pathways-platformer	false	branching-pathways-platformer
test-rfm-translations	false	branching-pathways-platformer
scratch-test-project	false	Scratch Test Project
quantum-cat	false	Quantum cat
ada-cs-anvil-apps	false	Anvil Apps for Ada CS
neil-the-seal	false	Neil the seal
editor-neil-the-seal	false	Editor Neil the seal
cookie-clicker	false	Cookie clicker clone
icing-on-the-cake	false	Icing on the cake
editor-cookie-clicker	false	Cookie Clicker Clone 
dino-jump	false	Dino Jump
ada-cs-anvil-talking-jordan	false	Talking Jordan - Built with Anvil
dishwasher-sim	false	dishwasher-sim
ada-cs-anvil-malware-flip-cards	false	Malware flip cards - Built with Anvil
taco-stacko	false	Taco Stacko
watermelon-drop	false	Watermelon drop
duck-island	false	Duck island
stickman-battle	false	Stickman battle
bb-character-sheet	false	Brainrot Brigade Character Sheet
